NPO-G1206 100P;2
NPO-G1206 220P;1
X7R-G1206 10N;4
X7R-G1206 15N;1
KEM X7R1206B100N;4
X7R 1206 CE 270N;1
X7R-G1206 4,7/50;1
X7R-G1206 10/25;1
RAD 100/16;1
RAD 100/63;1
SMD 1/4W 5,6;1
SMD 1/4W 680;1
SMD 1/4W 1,0K;2
SMD 1/4W 2,2K;2
SMD 1/4W 2,4K;1
SMD 1/4W 3,3K;1
SMD 1/4W 5,6K;1
SMD 1/4W 10K;3
SMD 1/4W 43K;1
SMD 1/4W 47K;1
SMD 1/4W 82K;1
SMD 1/4W 91K;1
SMD 1/4W 100K;4
SMD 1/4W 390K;1
TS 4148-1206;3
SMD ZF 3,6;1
SMD ZF 7,5;1
MBRS 1100 SMD;1
XO32 12,00000;1
RND 205-00630;1
RND 205-00628;1
MPE 150-3-010;1
L-1616FPS 6,8µ;1
L-11P 150M;1
SMD-LED 1206 RT;1
BC 856B SMD;1
BC 847C SMD;1
BCP 52-16 SMD;1
TASTER 3301;1
;
;
